word,word_len,uni_nonpos_sum,uni_nonpos_prod,uni_pos_sum,uni_pos_prod,bi_pos_cond_wb_sum,bi_pos_cond_wb_prod,bi_pos_cond_nwb_sum,bi_pos_cond_nwb_prod,bi_nonpos_cond_wb_sum,bi_nonpos_cond_wb_prod,bi_nonpos_cond_nwb_sum,bi_nonpos_cond_nwb_prod,bi_pos_joint_wb_sum,bi_pos_joint_wb_prod,bi_pos_joint_nwb_sum,bi_pos_joint_nwb_prod,bi_nonpos_joint_wb_sum,bi_nonpos_joint_wb_prod,bi_nonpos_joint_nwb_sum,bi_nonpos_joint_nwb_prod
B L IY G IH F,6,1.2061226305953547,-21.285602250970626,1.1974584339029302,-21.66084409847328,1.3170796536465785,-23.51663135270282,1.1973412945705333,-17.67733611307039,1.2930351335075516,-23.544155163633754,1.2048447617295925,-16.853553503149946,1.0602248192938692,-45.1774754511761,1.0092144704786863,-34.492816831283974,1.0134497440705843,-47.7018049212982,1.0075349269756726,-34.273238980524994
B L EH Z IH G,6,1.1944825131262795,-21.89701032444915,1.1952574776234284,-22.179967538144822,1.4686710398233442,-20.507147412560812,1.3210787203986196,-15.145411678296792,1.3363440692991975,-22.108940830164073,1.2708500054845346,-15.7061722476464,1.0622298547103415,-42.687114950705634,1.0109573221810333,-32.22559988212772,1.013280661573697,-46.877998661307046,1.0076934457760023,-33.131897684932376
B R IY G IH F,6,1.2072973213491145,-21.26431799054181,1.2425695199523268,-20.970807340327728,1.4309577061517649,-22.360841420350038,1.311073963680948,-16.52906605909542,1.4621777439217563,-21.717070482393915,1.3621249740007406,-15.332511465280309,1.0700906130501737,-43.33164876067777,1.0191783063126734,-32.64699014078565,1.0200823892893927,-45.85343597962954,1.0166550419546423,-32.42487003885634
B R EH P IH D,6,1.2360327489543474,-19.850933991550622,1.2993980849443751,-18.467060697053633,1.925321838083984,-17.241026186686312,1.4101889964488605,-13.31452632676594,1.631235281361171,-18.552924180872083,1.3221921582523863,-14.087177491274245,1.0923540136057344,-35.70808688373995,1.024876432159332,-28.19626015021462,1.0245169620486652,-41.27590567911652,1.013991926109103,-29.806812953946253
B W IY G IH F,6,1.1576933345198896,-23.465058633510914,1.1630612307902652,-23.078686817328098,1.2555740695236126,-inf,1.1348569790340535,-inf,1.263288373353114,-inf,1.1487313226746325,-inf,1.054362634424449,-inf,1.003319635733587,-inf,1.0103370890142491,-inf,1.0032549193667701,-inf
B W AA S IH P,6,1.2034973747441489,-21.826161454220728,1.2014643994972958,-21.681320204311454,1.5173065976630762,-inf,1.4118674273840743,-inf,1.415235948005088,-inf,1.3079398470133015,-inf,1.060940934691593,-inf,1.0105758827111375,-inf,1.0162626619733464,-inf,1.0098810052205525,-inf
D G EH P IH D,6,1.2038800391563589,-20.911943163116522,1.2273267691579255,-20.803283767044817,1.7106264720301552,-inf,1.183863070845313,-inf,1.4846244264535995,-inf,1.1566900010579868,-inf,1.0881230061000673,-inf,1.009247001078211,-inf,1.0209278017738292,-inf,1.0069431234544417,-inf
D G AA T IH F,6,1.2179852273738543,-21.14460859892499,1.2427745732645952,-21.439999899671825,1.364933050527844,-inf,1.2664336293590457,-inf,1.369009035399187,-inf,1.2948054871327703,-inf,1.0765128445282302,-inf,1.016322969602377,-inf,1.0195059716863675,-inf,1.0137488639485976,-inf
D N IY G IH F,6,1.236424312538934,-20.55196505801937,1.2190490105265401,-21.255534799029633,1.1939709912862977,-inf,1.0620030781028382,-inf,1.2296254104308395,-28.412025757479626,1.1174593492531915,-21.663718072298437,1.0650137726810804,-inf,1.0026892271141818,-inf,1.0135342853190281,-51.83603832219281,1.005537590091518,-38.607941260533956
D N AA T IH F,6,1.2792649283616624,-19.371246494836655,1.291325379625258,-19.38850428838255,1.3722412210146304,-inf,1.2736285231994946,-inf,1.3366829539728735,-26.0738902636921,1.2649668597619903,-19.602166827307123,1.0773022885340946,-inf,1.0171253078452562,-inf,1.0199056212244648,-48.317184265222565,1.0142983957897407,-35.08908720356371
D R IY G IH F,6,1.2183945893031949,-20.832040095349786,1.2538409356421374,-20.770338461213385,1.3518380839293154,-23.012603384747134,1.2206829257686878,-17.381296902606856,1.4099019672873787,-22.459705122237587,1.3086258775307278,-16.00621975411233,1.0775297474054488,-43.78294184596052,1.0153438639984746,-33.298752105182736,1.0208816883655873,-46.16379272428119,1.0156405216325322,-32.93569566262233
D R EH P IH D,6,1.2471300169084278,-19.4186560963586,1.3106695006341857,-18.266591817939293,1.8462022158615345,-17.892788151083405,1.3197979585366002,-14.166757170277375,1.5789595047267935,-19.29555882071575,1.2686930617823735,-14.760885780106266,1.0997931479610095,-36.1593799690227,1.0210419898451333,-28.84802211461171,1.0253162611248599,-41.58626242376817,1.012977405786993,-30.31763857771224
D W EH Z IH G,6,1.1571504850048948,-23.644188811797413,1.172131690200574,-23.397341377885297,1.435176637567226,-23.391205283900593,1.2747224639057302,-18.246219314355052,1.369118712571548,-24.7916915146047,1.2706335850502153,-18.67928249255483,1.066680379614844,-46.788546661785894,1.0040854565187918,-36.527500472322316,1.012412192385139,-51.307927833095945,1.004385686809122,-37.762295735835615
D W AA T IH F,6,1.2116312182966984,-21.852062175136172,1.2466090155787937,-21.011187427566668,1.5700402406765497,-21.2200164436879,1.4713503191267507,-15.565270848808298,1.4587065304534943,-23.11022281166899,1.3813775999986018,-16.986564960449194,1.0789374700660472,-42.231203871254564,1.0187845311547172,-31.74701413047679,1.019751909863658,-47.83433249349898,1.014087037389301,-34.606235431840126
F L EH Z IH G,6,1.1907181632108217,-22.099658496621004,1.189509055621625,-22.300111849986887,1.536812149547519,-19.96580624486887,1.3949682521245979,-14.483926198762788,1.372122772499884,-21.646077782857194,1.3171415367602641,-15.095710380248608,1.0593556437094398,-42.265918094855756,1.0138331539166823,-31.684258714435778,1.0129271254438414,-46.617783786172026,1.0082852492972332,-32.75153849795529
F L AA T IH F,6,1.2451988965026253,-20.30753185995976,1.2639863809998446,-19.913957899668258,1.5473884457608407,-18.86183283926361,1.4666155323650434,-12.870193167823475,1.4233960560420431,-20.72485942267242,1.380482440608303,-14.163243190893901,1.0687932912825557,-38.775790738931875,1.025666734828039,-27.970987807197687,1.0191831778286733,-43.904438789325994,1.0164965231543126,-30.35572853671073
F N IY B IH D,6,1.244415769333452,-20.058620893908355,1.2312207451522696,-20.234513468858786,1.7324983819698099,-inf,1.2309088329588644,-inf,1.4988082875680655,-26.042639032395318,1.205036805927079,-20.565601086907773,1.0708787074458146,-inf,1.0089903272336482,-inf,1.0199517346327067,-48.97330743299749,1.0087925094582884,-37.38407039598516
F N EH Z IH G,6,1.2099225772003206,-21.79829919886177,1.1998282165554244,-22.095271429657583,1.3044333537629504,-inf,1.1610865380256872,-inf,1.2508310310361306,-27.774474184460324,1.1762657092067754,-21.235327108166008,1.049040359827389,-inf,1.0034578109501755,-inf,1.0105522849193784,-52.44482089001591,1.005019762010441,-38.57857560179919
F R EH P IH D,6,1.2322683990388896,-20.053582163722474,1.2936496629425718,-18.587205008895694,1.890881891298843,-17.56212425605794,1.3814974716655228,-13.5154800842955,1.6074434629043926,-18.8634629086519,1.3057820347977172,-14.250117398963148,1.084407665544418,-36.149329264953636,1.0226772667144237,-28.517358219586242,1.023133559801405,-41.78909257906819,1.0131676283473885,-30.19985554205586
F R AA S IH P,6,1.2493370116579159,-19.82806898342347,1.275224266657554,-19.69358503915315,1.5068484183472088,-20.43269654529001,1.407832024058861,-14.565241543189355,1.3934177356741668,-20.75625989124737,1.3003909799571356,-14.735595491439677,1.0656211780901053,-40.126281584443156,1.02108334474829,-29.439261688365356,1.017607636380405,-43.45637638136467,1.0128083190666413,-30.629800846182594
F W IY B IH D,6,1.1767820592684881,-22.539436574207876,1.1865043811058054,-21.857196608042905,1.8053728758969354,-inf,1.3037627338900797,-inf,1.5437745033222574,-inf,1.2365091670301185,-inf,1.0714989848789938,-inf,1.0096207358530533,-inf,1.0182993375040348,-inf,1.0065204066535625,-inf
F W EH Z IH G,6,1.1422888671353566,-24.27911487916129,1.15511185250896,-23.7179545688417,1.415432004235285,-inf,1.2719976682654033,-inf,1.3509730657045893,-inf,1.2690879899961194,-inf,1.0494914706878828,-inf,1.0039162899461065,-inf,1.0100604085647968,-inf,1.0043434151290342,-inf
G L EH P IH D,6,1.2268666014060696,-20.36556241609046,1.22920809898515,-19.838109903293137,1.884808499784622,-17.977844993985137,1.3956048519843778,-13.362812807593006,1.5376145902897786,-20.21088132508238,1.2689470250797166,-14.732684483486544,1.0593833113036148,-37.81595489727828,1.0169294941356986,-29.623115715658997,1.0185837035215275,-43.448491247866656,1.0105362162619154,-31.298386074602433
G L AA T IH F,6,1.240971789623565,-20.598227851898923,1.2446559030918194,-20.474826035920145,1.504753069185622,-19.588316440091152,1.4433106336978498,-13.035808632399123,1.372566640268909,-21.693844485080767,1.346392788720072,-14.573419564765366,1.0459123174322402,-40.0631424760113,1.0221142368016491,-28.697471408025226,1.0158630124352492,-45.164119843673504,1.0155559782723564,-31.054541454806355
G R IY B IH D,6,1.2221589392186527,-20.629391923177934,1.2466821923598417,-20.310185267294422,2.0998760024890175,-16.845507344128105,1.6184296864089294,-12.178445000581977,1.8309048006190016,-18.940063173976654,1.5684169981816978,-13.199038857008153,1.0675019860475499,-37.15569261142252,1.0250846844292074,-28.962853429803246,1.0258542508876831,-42.441502603848406,1.0205334686027097,-30.291397430584183
G R AA T IH F,6,1.2421464803773248,-20.576943591470105,1.2897669891412162,-19.784789277774593,1.6933968647778124,-18.422621142249838,1.6317316128165034,-11.877633212935615,1.5307754164404948,-20.156984127463033,1.5072074411684802,-13.342601850517838,1.054650175141746,-38.20741042002443,1.0309272700611605,-26.84173935203836,1.0179381158061394,-43.60597522562695,1.0184093166782915,-29.4963968367598
G W IY B IH D,6,1.1725549523894279,-22.83013256614704,1.1671739031977801,-22.41806474429479,1.7948143278134716,-20.57243860419034,1.3125346637146411,-15.914137267870544,1.5443303890505957,-22.101793920179897,1.2578995413616694,-16.41401287132065,1.0523939352847647,-42.990503348485134,1.0098462912833004,-34.79766416686585,1.0158783835713296,-47.803973993020755,1.006816308414178,-35.65386881975654
G W AA T IH F,6,1.1925424935481,-22.77768423443921,1.2102586999791547,-21.892668754774963,1.539737059261145,-20.932334371236113,1.4773974533109853,-14.396107449148223,1.4411167693148739,-21.120171930518936,1.4012223792760568,-14.35903292168299,1.042643511544857,-42.82500312601108,1.018840920012279,-31.459332058025005,1.0149791721106107,-46.76990367165196,1.0143406674698285,-32.66032528278481
K L IY B IH D,6,1.2591261012725818,-19.25343345248676,1.2750607366080104,-19.649645746922168,1.908713553283218,-17.45125093956161,1.353922990300336,-14.127244996155486,1.612792024348681,-20.46008340155698,1.2822926657271352,-15.663199289384059,1.1341127477466106,-37.10089668648377,1.0181094580459928,-30.258633783382308,1.029512581274882,-42.58556436073755,1.0117832308245092,-31.786035465991144
K L AA S IH P,6,1.2820770668327848,-18.74280650467146,1.2842723329976975,-19.59391365503278,1.4765965756148431,-20.643209562030492,1.3236438454104924,-15.557942823817953,1.3900663341282884,-21.111822493963345,1.2519688110434255,-15.476489610414346,1.1161146098305543,-40.237123217063264,1.0173453086693358,-30.339811463251394,1.0249319827228431,-42.726676505328626,1.0127237757064653,-30.68980911241248
K M EH P IH D,6,1.2436148438195251,-19.465548466050322,1.2784505205311645,-19.251449876223482,1.7800177552320184,-inf,1.216251558802882,-inf,1.571884723886728,-23.229330369086902,1.2187600949490374,-19.182772236128642,1.1261645425189815,-inf,1.010163959070073,-inf,1.0277679573297265,-45.56692634183104,1.0093843129795192,-34.76739744708463
K M AA S IH P,6,1.2606834564385514,-19.24003528575132,1.2600251242461467,-20.35782990648093,1.3714609177944028,-inf,1.217783523866209,-inf,1.375082704275665,-24.732612150684904,1.2284974484210578,-19.278735127607707,1.1073780550646688,-inf,1.0085700371039394,-inf,1.0234947814993007,-46.84469494313005,1.0107475746623549,-34.80782755021391
K R IY B IH D,6,1.2603007920263416,-19.23214919205794,1.320171822657407,-18.95960898877661,1.9716311830258173,-16.63879433420999,1.4166952366481638,-13.322308269181676,1.7554442800400463,-18.806087331304603,1.415323703447536,-14.315245862501884,1.1427386857770359,-35.5984033229866,1.0268327390136216,-28.756140419885135,1.0363296801266582,-40.91028403005636,1.0211569758840064,-30.110755135309947
K R EH Z IH G,6,1.22580759989321,-20.971827497011354,1.2887792940605618,-20.82036694957541,1.519816359770589,-19.799310307642298,1.3229630160330765,-15.114658282179946,1.4219460319454853,-20.794343579202714,1.3017179031360122,-15.241392979593229,1.1192086724317578,-40.61967725721771,1.0195809264954077,-30.827726019063654,1.0230413329849208,-44.63821858290789,1.0120368609050365,-31.561681436957084
K W IY B IH D,6,1.2106968051971168,-21.432889835027044,1.2406635334953455,-21.067488465776982,1.9101002101046574,-17.47009659557809,1.3543309157082615,-14.162371537776107,1.6402589103658194,-19.995867949466632,1.2868433357853402,-15.558269748773164,1.1306739172504996,-38.537585061355074,1.0146393441760486,-31.695322158253603,1.027537390288516,-44.300805291187494,1.0090672753788599,-33.501276396441085
K W AA T IH F,6,1.2306843463557888,-21.380441503319215,1.2837483302767199,-20.542092476257153,1.6550229415523308,-17.829992362623866,1.5191937053046056,-12.644341719053786,1.5370452906300975,-19.01424595980567,1.4301661736997273,-13.503289799135503,1.1209234935105918,-38.37208483888102,1.0236339729050272,-28.356990049412758,1.0266381788277972,-43.2667349698187,1.0165916344345105,-30.507732859469357
L M IY B IH D,6,1.2416659250689688,-19.675902158357506,1.1839176757374335,-21.535745369687774,1.7397130992443726,-inf,1.2510984170748196,-inf,1.4892467012334838,-24.282298487038563,1.2027739768354904,-18.358701153700647,1.0584239520041372,-inf,1.009276876606105,-inf,1.0172617858185897,-46.83024815208989,1.0074820873755628,-34.908535886026016
L M AA T IH F,6,1.2616534662276409,-19.62345382664968,1.2270024725188078,-21.010349380167945,1.3433024973587127,-inf,1.2745416199685582,-inf,1.3431336001061986,-23.472380263051214,1.3060655609446254,-16.4754249697366,1.047038251394939,-inf,1.0166095189748339,-inf,1.0164778578784759,-45.967881596394705,1.015164965231543,-32.08669611472791
L N IY G IH F,6,1.2594108747886448,-20.005584310993306,1.1892924731054402,-21.908623219037572,1.1642144538651977,-inf,1.0620030781028382,-inf,1.2001208315250658,-28.69520419263948,1.1178536852462182,-21.251429116371135,1.0352572352599805,-inf,1.0026892271141818,-inf,1.0094993620978527,-51.5728360103266,1.005569293851584,-37.6916505286598
L N EH Z IH G,6,1.2477707573195695,-20.61699238447183,1.1870915168259384,-22.427746658709115,1.2916966540334642,-inf,1.1610865380256872,-inf,1.2383781269640777,-27.678818315467698,1.1768604328814007,-20.52287631716549,1.036303660097903,-inf,1.0034578109501755,-inf,1.0088460888144242,-51.16785820663335,1.005062033690529,-36.969137689365084
L T EH Z IH G,6,1.2457506451899976,-20.64474308034118,1.1518484808498473,-23.429026522192135,1.3516251625265663,-inf,1.2220048305630684,-inf,1.2859550392345627,-23.397168286774974,1.247224334300817,-16.19694231328407,1.0369239375310821,-inf,1.0040882195695806,-inf,1.011397697403815,-46.91395887380998,1.0085705831378269,-32.71523835654171
L T AA T IH F,6,1.3002313784818011,-18.852616443679935,1.226325806228067,-21.042872571873506,1.4016826626479688,-inf,1.3337881076434213,-inf,1.3329635796031474,-22.840309755578012,1.3032392209370525,-15.628834952917181,1.0482224174037356,-inf,1.0178130263391527,-inf,1.017077332185622,-44.564973705951765,1.0159892629932576,-30.683788224284967
M L EH P IH D,6,1.2475482780101455,-19.390788390841212,1.2576684236019218,-19.09262830383723,1.783882859489113,-inf,1.266218887072097,-inf,1.5062544433095515,-22.61492547235988,1.204921158651199,-17.777286950020383,1.0845185682918925,-inf,1.0136025515395555,-inf,1.02186544107475,-44.877761369894905,1.0097119185002008,-33.47313779608659
M L AA S IH P,6,1.2646168906291717,-19.16527521054221,1.239243027316904,-20.199008334094685,1.365089997206777,-inf,1.2571665726832197,-inf,1.3101331357054309,-24.357839389182306,1.21047476436035,-18.112881976723866,1.0644915259712215,-inf,1.0107478123346116,-inf,1.0172233579783883,-46.39516210641834,1.0105679200219813,-33.75320003444029
M R IY G IH F,6,1.2199875411586723,-20.782888129403577,1.24595094465927,-20.906338188965773,1.2767364671517158,-inf,1.1534712999739558,-inf,1.3622867045129996,-26.516057826844076,1.2539447628816136,-20.065649620359004,1.0654693326173514,-inf,1.0111710885389054,-inf,1.0187220437462536,-50.17099346294146,1.0141504449094327,-36.80689667353022
M R AA T IH F,6,1.2628281569814006,-19.60216956622086,1.3182273137579879,-19.03930767831869,1.4258045578156369,-inf,1.335678981237556,-inf,1.3483918723054396,-24.984757751093667,1.2805130502238822,-18.810933793404807,1.0755022941678958,-inf,1.0233147742903248,-inf,1.0195520850946096,-47.45897482400834,1.0152917802718069,-34.094878034597095
N L IY B IH D,6,1.282263949452701,-18.877314079518417,1.1967243975638264,-21.20921182931609,1.7638999415117613,-inf,1.2874457175730634,-inf,1.4978368168481226,-25.682303330261263,1.238963714934854,-19.151087751689357,1.0491826305238874,-inf,1.0115119617112687,-inf,1.017246414682509,-47.431664916473494,1.0096062392999812,-35.072569939333164
N L EH Z IH G,6,1.2477707573195695,-20.61699238447183,1.1653318689669812,-23.06996979011489,1.359944099313401,-inf,1.2422773885451235,-inf,1.2549112006688217,-26.995310026028367,1.21719111433431,-19.40198531664969,1.0283028934840115,-inf,1.0069537132941493,-inf,1.008331155755722,-50.484349917194024,1.0064992708135185,-35.84824668884929
P K IY B IH D,6,1.236442110883688,-19.790290318001567,1.2468175777357347,-20.186963815113906,1.7745314826131402,-inf,1.2323747123175564,-inf,1.5219549024868875,-25.742057135518756,1.1769415395526033,-21.075922584838374,1.1113994150715711,-inf,1.0089330173591569,-inf,1.024078884670366,-48.40439496021414,1.0068585800942658,-37.45760448003131
P K AA S IH P,6,1.259393076443891,-19.27966337018627,1.2560291741254217,-20.131231723224523,1.3877504215212084,-inf,1.2477364783822766,-inf,1.3881624039103901,-23.967671272358842,1.2598664931641415,-18.463087950302388,1.09486738745212,-inf,1.0096589247192755,-inf,1.0234947814993005,-46.11938214923894,1.0132944433876523,-33.93525317088637
P L EH P IH D,6,1.246257898015485,-19.430416475276164,1.2891156733764935,-18.63479521021175,1.8837962053795503,-17.410991538749485,1.3346849831879626,-13.999274045438739,1.6075061345723962,-18.859367756277965,1.280341241066686,-14.576117614021117,1.1218269542251658,-36.04578674896124,1.019466992725977,-29.056262260423345,1.0280753800513396,-41.16183173824794,1.0123538985056961,-30.215041258065114
P L AA S IH P,6,1.2633265106345113,-19.20490329497716,1.2706902770914756,-19.741175240469204,1.4650033430972143,-20.76099259768688,1.3256326687990856,-15.528464274037912,1.4113848269682756,-20.602281673100393,1.2858948467758369,-14.911712640724598,1.1017999119044948,-40.502167838156076,1.0166122535210331,-30.457594498907774,1.0234332969549778,-42.679232474771375,1.0132099000274766,-30.495103496418803
P R EH Z IH G,6,1.2070570436949366,-21.433924287317055,1.27519723815434,-20.967628535011833,1.7219885381093847,-18.756440001982426,1.5387172502780941,-13.924526391083646,1.5318944453637149,-19.852955982576432,1.4291522661830312,-14.24476923414015,1.1228155254524972,-39.72406853699426,1.03677952805174,-29.784855713403786,1.023579322747744,-44.158927776587305,1.0153234840318728,-30.93512904520008
P R AA T IH F,6,1.2615377769867402,-19.64179765065581,1.3496745635325595,-18.581474584693208,1.7673242236534081,-17.173037826671848,1.6457513973007554,-11.831364590439014,1.565263309279769,-19.0816206881647,1.4815485094813374,-13.46218511055849,1.1334937278919714,-35.754512411365056,1.049873926201907,-25.592156036460374,1.0289515348079377,-41.595465845514326,1.0223194470864245,-28.68920214972856
P W IY G IH F,6,1.169093174334787,-23.023256856807638,1.1978899052717802,-22.55638457234066,1.2904027440051276,-inf,1.1348569790340535,-inf,1.298117047834629,-inf,1.1487313226746325,-inf,1.089191308905964,-inf,1.003319635733587,-inf,1.0150867700631754,-inf,1.0032549193667701,-inf
P W EH Z IH G,6,1.1574530568657118,-23.634664930286164,1.1956889489922784,-23.075508012012204,1.4560091007186031,-inf,1.2719976682654033,-inf,1.3915501621879076,-inf,1.2690879899961194,-inf,1.0900685671712012,-inf,1.0039162899461065,-inf,1.0155940175538372,-inf,1.0043434151290342,-inf
R D IY G IH F,6,1.2183945893031949,-20.832040095349786,1.1710630778939881,-23.05581372664097,1.2834134340965209,-inf,1.1573127840985542,-inf,1.2801942379531062,-24.334143368566288,1.1828021388239354,-17.8520977911743,1.0639433695399008,-inf,1.0033769456080783,-inf,1.0138801358808431,-48.03823097060989,1.0063407520131888,-34.7815736996843
R D AA S IH P,6,1.264198629527454,-19.1931429160596,1.2094662466010186,-21.65844711362433,1.3463364384264607,-inf,1.2326669177487823,-inf,1.326658035044858,-22.593160037844342,1.2186859857554626,-16.622607897849186,1.0684352820772602,-inf,1.008512727229448,-inf,1.0181917395514704,-44.65835046059776,1.010747574662355,-32.12382790710537
R G IY B IH D,6,1.2221589392186527,-20.629391923177934,1.1979427070513,-21.993956098458384,1.743722567233552,-inf,1.2268396569670028,-inf,1.4976343412405115,-24.4792328623886,1.176216044559002,-19.591129663361663,1.085925920275261,-inf,1.0087610877356827,-inf,1.0203590697388445,-47.98067229226035,1.0064887028934966,-36.68348823693769
R G EH P IH D,6,1.2280412921598294,-20.344278155661637,1.225579699726005,-20.831843976311546,1.7088794025982346,-inf,1.183863070845313,-inf,1.4886208158602239,-22.642586919260886,1.1627475477515758,-18.323353838976818,1.0863759366681467,-inf,1.009247001078211,-inf,1.020966229614031,-45.858912581616345,1.007323568575233,-34.561728526293685
R L IY G IH F,6,1.2413811515529056,-20.28565934832372,1.2069827801608202,-21.488935428625666,1.2478026680509724,-inf,1.1185399627170372,-inf,1.2540761801851454,-25.94910411716159,1.1540263800091144,-19.424679568690387,1.0657478129818765,-inf,1.0052108615918023,-inf,1.0140107905375286,-49.106810972179126,1.0065204066535625,-35.85015370125354
R L EH Z IH G,6,1.2297410340838304,-20.89706742180224,1.2047818238813184,-22.00805886829721,1.3993940542277383,-inf,1.2422773885451235,-inf,1.2973851159767913,-24.513889783691905,1.2200316237640565,-18.27729831318684,1.0677528483983487,-inf,1.0069537132941493,-inf,1.0138417080406412,-48.283004712187974,1.0066789254538921,-34.70881240566092
R N EH P IH D,6,1.2893209931476375,-18.5709160515733,1.274130506086668,-18.78034836502227,1.7103378488349652,-inf,1.1850280365526606,-inf,1.4914663968108621,-22.186486195184138,1.1716843507249912,-17.592094300542982,1.087221769531573,-inf,1.0101066491955817,-inf,1.0220652658437988,-43.629449753451254,1.0088347811383764,-32.3322656981286
R N AA S IH P,6,1.3063896057666637,-18.3454028712743,1.25570510980165,-19.88672839527972,1.3317567198993738,-inf,1.2168704270971453,-inf,1.3128720537676044,-23.528868855575595,1.2023978154597197,-17.527158070815496,1.0689991706528776,-inf,1.0090858259743618,-inf,1.0181917395514704,-44.74631923354372,1.010747574662355,-32.21179668005133
SH L IY B IH D,6,1.223858681142654,-20.444147165148532,1.1850021252464233,-22.035118499721982,1.7521776691943582,-inf,1.2874457175730634,-inf,1.485149991842029,-inf,1.2375975947162745,-inf,1.0374603582064843,-inf,1.0115119617112687,-inf,1.015586331985797,-inf,1.0095216959398052,-inf
SH L EH Z IH G,6,1.1893654890095224,-22.183825470101944,1.153609596649578,-23.89587646052078,1.348221826995998,-inf,1.2422773885451235,-inf,1.242224375662728,-inf,1.2158249941157306,-inf,1.0165806211666084,-inf,1.0069537132941493,-inf,1.0066710730590098,-inf,1.0064147274533426,-inf
SH M IY G IH F,6,1.1796119960843643,-22.06964617770328,1.131563344177529,-24.140669272297387,1.1610031116266855,-inf,1.0821926622187934,-inf,1.175449129263783,-inf,1.1086936114716008,-inf,1.0123764203052281,-inf,1.0029757764866387,-inf,1.0051493305870238,-inf,1.003931266248177,-inf
SH M AA T IH F,6,1.2224526119070926,-20.88892761452056,1.2038397132762468,-22.273638761650304,1.3201397381161517,-inf,1.2745416199685582,-inf,1.3155705801074447,-inf,1.299763039936222,-inf,1.023875492152378,-inf,1.0166095189748339,-inf,1.0131115790768097,-inf,1.0148796313909496,-inf
SH N IY G IH F,6,1.2202100204680966,-21.271058098864188,1.1661297138628792,-23.17191260051993,1.1410516946226368,-inf,1.0620030781028382,-inf,1.176143209179506,-inf,1.1166865517261435,-inf,1.0120944760174195,-inf,1.0026892271141818,-inf,1.006302165793074,-inf,1.005516454251474,-inf
SH N EH P IH D,6,1.2489454480733295,-19.857674099873,1.2229582788549276,-20.66816595724584,1.659165621603225,-inf,1.1850280365526606,-inf,1.430721738181547,-inf,1.1615884395690095,-inf,1.0360495422998326,-inf,1.0101066491955817,-inf,1.0146256359807555,-inf,1.0082007059370575,-inf
SH R IY B IH D,6,1.2250333718964137,-20.42286290471971,1.23011321129582,-21.345081741576422,1.8860198219448139,-18.978193400326752,1.4211424869287475,-13.276234582498624,1.61308670580045,-22.988210395326117,1.352219970212475,-16.188209457963115,1.044226512648091,-40.323275141903174,1.0183744103793597,-31.095539486001897,1.0214427348325315,-46.283120806739646,1.0175744509965547,-33.09811915919342
SH R EH P IH D,6,1.2309157248375904,-20.137749137203418,1.2577502039705248,-20.182969619429585,1.824836725501907,-19.424264522047793,1.3513517648406337,-13.781855739751467,1.495909691268918,-22.572285123041066,1.2245093101086348,-16.341154304420932,1.0436051407473035,-39.607234141477385,1.017771436106552,-30.3794984855761,1.0171311311619042,-45.5820817669383,1.0116458478642232,-32.39708011939208
SH W EH P IH D,6,1.1813117380083655,-22.33848978017252,1.1782419148084633,-22.29084909642996,1.7701642720755595,-inf,1.2959391667923768,-inf,1.5313948402955713,-inf,1.2549831302038028,-inf,1.0365006531603265,-inf,1.0105651281915127,-inf,1.0141414451942143,-inf,1.0075349269756726,-inf
SH W AA S IH P,6,1.1983803506273918,-22.112976599873523,1.1598165185234455,-23.39722912668741,1.4756587166892259,-inf,1.4118674273840743,-inf,1.3735880670312377,-inf,1.3079398470133015,-inf,1.0192930537177427,-inf,1.0105758827111375,-inf,1.0105830271915397,-inf,1.0098810052205525,-inf
S M IY B IH D,6,1.2466494616000714,-19.588564889235286,1.2570128064858554,-20.352937376553882,1.8245729358751475,-20.03244260312457,1.2628631229571725,-16.774618203776043,1.5625712008553423,-23.04867742454607,1.202328247816507,-18.43204885551018,1.1327589384784384,-40.385379979678454,1.0105174314724634,-33.60374169839342,1.027260709839064,-45.509289820475175,1.0075243590556506,-34.7703855475452
S M AA T IH F,6,1.2666370027587435,-19.536116557527457,1.30009760326723,-19.827541387034053,1.4281623339894876,-21.803325343880605,1.286306325850911,-16.667575358763983,1.4164580997280571,-22.238759200558725,1.305619831925642,-16.548772671546132,1.1213732378692403,-41.63086673091466,1.0178500738411922,-31.676396563262834,1.0264767818989502,-44.64692326477999,1.015207236911631,-31.948545776247094
S N IY G IH F,6,1.2643944113197474,-19.918247041871087,1.2623876038538622,-20.72581522590368,1.2592347183034593,-26.755486233157132,1.0839282117926778,-21.657586753768435,1.2786735006041807,-25.471501762778537,1.1246215602279384,-19.334695450812216,1.1106630062248137,-47.481301459060816,1.0050011702742134,-37.52683129140898,1.019751909863658,-48.26179631134343,1.0059603068923972,-35.56341882281053
S N AA S IH P,6,1.3101984515440066,-18.279349862580897,1.3007907725608927,-19.32844861288704,1.398767516348456,-22.9727912832693,1.238795560786985,-17.95935647487663,1.3546576865629638,-23.393317025815048,1.2002369128055328,-17.768004151245556,1.1163954736285315,-42.30123989615634,1.0113977691343934,-32.46455276416089,1.0242018537590112,-44.54471439508977,1.0105573521019593,-32.568471623990064
S W IY G IH F,6,1.1967607012547834,-22.39906272217061,1.2176712398073979,-22.348498365087803,1.3428043993963603,-23.413745456521685,1.1674772998896685,-18.320919554733692,1.3279043560858976,-24.125666015317996,1.1613895505227338,-18.336925288516856,1.112410425226974,-45.762243821609495,1.0067593560448536,-35.80777365395766,1.018299337504035,-49.39677624418242,1.0039629700082429,-36.698398755649514
S W EH Z IH G,6,1.1851205837857082,-23.010470795649134,1.215470283527896,-22.867621804759345,1.508410756109836,-20.37894370839539,1.3046179891210183,-15.763677311975801,1.4213374704391764,-22.077291699355957,1.2817462178442207,-16.57638405052095,1.1132876834922112,-43.246565513154735,1.007356010257373,-33.51523889681712,1.0188065849946968,-47.95981000169891,1.005051465770507,-34.94389747756454
TH W EH P IH D,6,1.1696093263326512,-23.764259075087466,1.1745787047092748,-22.80373445315896,1.7768103403268865,-21.77537272085743,1.3062484451428922,-15.628839589058433,1.532539322504075,-23.365057997441014,1.2617627912207519,-16.427562103200273,1.032893800139587,-44.57910717401639,1.0106215170490744,-34.83848616138611,1.0136572544076732,-50.0013645792223,1.0075560628157165,-36.30347757494708
TH W AA S IH P,6,1.1866779389516775,-23.538745894788466,1.156153308424257,-23.91011448341641,1.4823047849405528,-24.058158345187387,1.4221767057345898,-16.09081438305017,1.3747325492397415,-24.347721571512512,1.3147195080302505,-16.00290678715283,1.0156862006970033,-47.968272828603794,1.0106322715686993,-35.1726029652631,1.0100988364049985,-50.7585149729948,1.0099021410605964,-35.823289470549845
T L IY B IH D,6,1.280243837323129,-18.905064775387768,1.2197744426494892,-20.464703789083615,1.786949986597424,-inf,1.2874457175730634,-inf,1.5212858892624495,-24.5915908630409,1.2396163137472893,-18.760599349512773,1.0722326756095502,-inf,1.0115119617112687,-inf,1.0204128687151264,-46.36870314512248,1.009637943060047,-34.754116208214626
T L AA T IH F,6,1.3002313784818011,-18.852616443679935,1.2628592394308638,-19.939307799563785,1.3935704406123852,-inf,1.313924668785569,-inf,1.3296335566253077,-24.983379198623226,1.2811846169947843,-18.079029725118403,1.0607905861427902,-inf,1.018787294205506,-inf,1.017753662173171,-46.70804314899698,1.0147422484306639,-33.13398299648619
T R EH Z IH G,6,1.2469253359437573,-20.623458819912365,1.2334930001020405,-21.63542499173686,1.650057840348186,-19.526803033209752,1.508490790569195,-14.02709296558595,1.4025118082995711,-21.157163965588463,1.373054829596042,-14.570105964623771,1.0668529465525873,-41.162228024946614,1.0225131470886184,-30.555218744631112,1.0188680695390195,-44.65267029219464,1.0166656098746643,-30.76107510408239
T R AA S IH P,6,1.3043694936370918,-18.37315356714365,1.2740971250885729,-19.718934939048676,1.6566560942088735,-19.682930470730557,1.5587668414895068,-13.790125568734375,1.4048073146323743,-20.645779428000772,1.353558914963144,-14.28238178646677,1.0709751005427652,-39.40186540977923,1.027568063367891,-28.689495613805903,1.0223188895891295,-41.89098050183824,1.0194978124405554,-29.03905506676065
T W IY G IH F,6,1.2089614665836077,-22.212791389402945,1.1561856672194808,-23.224181029065686,1.285925720330235,-24.157323490708524,1.1720841934114603,-18.18881492494264,1.260627511654153,-25.86595210683835,1.1549709996795876,-19.044304296016772,1.0491214261286872,-47.38150451977422,1.0049549126028776,-36.5513516881445,1.0096607590266997,-50.950791002935105,1.0036142286475176,-37.37673085042432
T W AA S IH P,6,1.254765506807867,-20.573894210112755,1.1945888359265113,-21.826814416049043,1.5476582484696986,-20.690862515200912,1.4490946417614814,-14.80681862043106,1.412575086306127,-22.396059844764643,1.3141795240182566,-16.085905471339892,1.0556997263958312,-42.51767693124996,1.0122111595804282,-31.805307135276628,1.015586331985797,-45.84200156157122,1.0102403145013,-32.990076126493626
V L EH P IH D,6,1.2293583696716208,-20.18418827765254,1.222952463277305,-20.117058295776168,1.7491668991644962,-inf,1.266218887072097,-inf,1.4724134569516019,-23.35678120125347,1.2063497639530436,-17.408280939739015,1.0498026079672758,-inf,1.0136025515395555,-inf,1.0171003888897427,-46.41301698559983,1.0096696468201127,-33.983963419852586
V L AA S IH P,6,1.246426982290647,-19.95867509735354,1.2045270669922872,-21.223438326033616,1.3303740368821602,-inf,1.2571665726832197,-inf,1.2762921493474813,-25.099695118075896,1.2119033696621946,-17.7438759664425,1.0297755656466048,-inf,1.0107478123346116,-inf,1.012458305793381,-47.93041772212326,1.0105256483418932,-34.26402565820628
V R IY B IH D,6,1.224650707484204,-20.44801778474002,1.2404265566519967,-20.589133659777453,1.7975677352022252,-inf,1.322377054829982,-inf,1.6260346129938796,-22.006436738044684,1.3577376085807393,-15.795109001157561,1.0536381447490828,-inf,1.0174721886583717,-inf,1.0228799360560739,-45.32650202947852,1.0176167226766428,-32.89744846373127
V R EH Z IH G,6,1.1901575153510724,-22.187696089693432,1.2090340280551515,-22.44989162057625,1.3457529119469966,-inf,1.2286448342148948,-inf,1.2925363648993187,-23.994692985942798,1.2441318082692157,-16.721256118248906,1.0301081314038047,-inf,1.0102203761401578,-inf,1.0095915889143365,-49.054436582330055,1.008496607697673,-34.34837476537841
V W IY G IH F,6,1.1521936459909228,-23.777028659184015,1.1317266951725917,-24.038647657905074,1.224239533905939,-inf,1.1348569790340535,-inf,1.2325462547970518,-28.642541990512825,1.149502927612904,-21.13451531296205,1.0230280988067755,-inf,1.003319635733587,-inf,1.0060715987518638,-55.291618156390655,1.003265487286792,-40.90309137504048
V W AA T IH F,6,1.1950342618136511,-22.596310096001297,1.2040030642713098,-22.17161714725799,1.5247094937287387,-inf,1.4686255234864236,-inf,1.4155671870322768,-24.91269897161508,1.3806036098827774,-17.681256542860513,1.0361624475232158,-inf,1.018615364582032,-inf,1.0139185637210446,-50.381056574310186,1.014055333629235,-35.99252979296001
Z R EH P IH D,6,1.226145768443535,-20.508302228014017,1.2513254970273329,-21.39936494375408,1.7196465864599495,-inf,1.2525863327418683,-inf,1.4824336511422567,-24.922204753331236,1.2178535606032312,-17.210797705108426,1.0362787205489266,-inf,1.016869214385564,-inf,1.0161473784527415,-48.30255448803907,1.0114978969839155,-33.901157516168354
Z R AA S IH P,6,1.2432143810625613,-20.282789047715013,1.232900100742315,-22.505744974011535,1.3356131135083154,-inf,1.2789208851352067,-inf,1.268407923912031,-26.815001735926703,1.2124625057626497,-17.696275797584956,1.017492233094614,-inf,1.0152752924194304,-inf,1.0106214550317414,-49.969838290335545,1.0111385877031682,-34.331102820295094
